beadone,beadtwo,beadthree,beadfour,beadfive
geneone,1527.269288218922,3610.126463511804
genetwo,1620.2211611572432,2682.578958123584
genethree,3894.676986747713,3192.04442345845
genefour,1280.2255858541419,1633.3193611499128
genefive,2290.8394458051243,2777.4749081953514
genesix,3657.8364671888335,3238.7571904514202
geneseven,1393.7697554886443,2894.8626139028356